run_id,started,build_id,delay_ms,kernel,machine,driver_dirty,cycle,silent,power_on_to_enumerate_ms,enumerate_to_first_ep0_ms,power_on_to_first_ep0_ms,pcm_settle_ms,nonzero_fraction
x86_64-prod-20260814T010356Z-smoke,2026-08-14T01:03:56Z,f6a71204,0,7.2.0-rc5-alsa-prod+,alsa-test,False,1,True,,,,0.4,
x86_64-prod-20260814T010356Z-smoke,2026-08-14T01:03:56Z,f6a71204,0,7.2.0-rc5-alsa-prod+,alsa-test,False,2,True,,,,0.1,
x86_64-prod-20260814T010356Z-smoke,2026-08-14T01:03:56Z,f6a71204,0,7.2.0-rc5-alsa-prod+,alsa-test,False,3,True,,,,0.1,
x86_64-prod-20260814T010356Z-smoke,2026-08-14T01:03:56Z,f6a71204,0,7.2.0-rc5-alsa-prod+,alsa-test,False,4,True,,,,0.1,
x86_64-prod-20260814T010356Z-smoke,2026-08-14T01:03:56Z,f6a71204,0,7.2.0-rc5-alsa-prod+,alsa-test,False,5,True,,,,0.1,
x86_64-prod-20260814T010356Z-smoke,2026-08-14T01:03:56Z,f6a71204,0,7.2.0-rc5-alsa-prod+,alsa-test,False,6,True,,,,0.1,
x86_64-prod-20260814T010356Z-smoke,2026-08-14T01:03:56Z,f6a71204,0,7.2.0-rc5-alsa-prod+,alsa-test,False,7,True,,,,0.1,
x86_64-prod-20260814T010356Z-smoke,2026-08-14T01:03:56Z,f6a71204,0,7.2.0-rc5-alsa-prod+,alsa-test,False,8,True,,,,0.1,
x86_64-prod-20260814T010356Z-smoke,2026-08-14T01:03:56Z,f6a71204,0,7.2.0-rc5-alsa-prod+,alsa-test,False,9,True,,,,0.1,
x86_64-prod-20260814T164654Z-smoke,2026-08-14T16:46:54Z,25355bfe,2000,7.2.0-rc5-alsa-prod+,alsa-test,False,1,False,,,,0.3,
x86_64-prod-20260814T164752Z-smoke,2026-08-14T16:47:52Z,25355bfe,2000,7.2.0-rc5-alsa-prod+,alsa-test,False,1,False,,,,0.4,
x86_64-prod-20260814T170342Z-smoke,2026-08-14T17:03:42Z,25355bfe,2000,7.2.0-rc5-alsa-prod+,alsa-test,False,1,False,,,,0.4,
x86_64-prod-20260814T170342Z-smoke,2026-08-14T17:03:42Z,25355bfe,2000,7.2.0-rc5-alsa-prod+,alsa-test,False,2,False,,,,0.1,
x86_64-prod-20260814T170342Z-smoke,2026-08-14T17:03:42Z,25355bfe,2000,7.2.0-rc5-alsa-prod+,alsa-test,False,3,False,,,,20.4,
x86_64-prod-20260814T170342Z-smoke,2026-08-14T17:03:42Z,25355bfe,2000,7.2.0-rc5-alsa-prod+,alsa-test,False,4,False,,,,20.4,
x86_64-prod-20260814T170342Z-smoke,2026-08-14T17:03:42Z,25355bfe,2000,7.2.0-rc5-alsa-prod+,alsa-test,False,5,False,,,,20.4,
x86_64-prod-20260814T170342Z-smoke,2026-08-14T17:03:42Z,25355bfe,2000,7.2.0-rc5-alsa-prod+,alsa-test,False,6,False,,,,20.4,
x86_64-prod-20260814T170342Z-smoke,2026-08-14T17:03:42Z,25355bfe,2000,7.2.0-rc5-alsa-prod+,alsa-test,False,7,False,,,,20.4,
x86_64-prod-20260814T170342Z-smoke,2026-08-14T17:03:42Z,25355bfe,2000,7.2.0-rc5-alsa-prod+,alsa-test,False,8,False,,,,0.1,
x86_64-prod-20260814T170342Z-smoke,2026-08-14T17:03:42Z,25355bfe,2000,7.2.0-rc5-alsa-prod+,alsa-test,False,9,False,,,,20.4,
x86_64-prod-20260814T170342Z-smoke,2026-08-14T17:03:42Z,25355bfe,2000,7.2.0-rc5-alsa-prod+,alsa-test,False,10,False,,,,22.5,
x86_64-prod-20260814T171540Z-smoke,2026-08-14T17:15:40Z,25355bfe,2000,7.2.0-rc5-alsa-prod+,alsa-test,False,1,False,1404.6,2132.1,3536.7,0.4,
x86_64-prod-20260814T171540Z-smoke,2026-08-14T17:15:40Z,25355bfe,2000,7.2.0-rc5-alsa-prod+,alsa-test,False,2,False,6202.2,2128.1,8330.2,20.4,
x86_64-prod-20260814T171540Z-smoke,2026-08-14T17:15:40Z,25355bfe,2000,7.2.0-rc5-alsa-prod+,alsa-test,False,3,False,1369.2,2136.2,3505.3,0.1,
x86_64-prod-20260814T171540Z-smoke,2026-08-14T17:15:40Z,25355bfe,2000,7.2.0-rc5-alsa-prod+,alsa-test,False,4,False,1295.8,2148.2,3443.9,20.6,
x86_64-prod-20260814T171540Z-smoke,2026-08-14T17:15:40Z,25355bfe,2000,7.2.0-rc5-alsa-prod+,alsa-test,False,5,False,1359.0,2132.2,3491.2,0.1,
x86_64-prod-20260814T171540Z-smoke,2026-08-14T17:15:40Z,25355bfe,2000,7.2.0-rc5-alsa-prod+,alsa-test,False,6,False,1455.9,2140.2,3596.1,20.4,
x86_64-prod-20260814T171540Z-smoke,2026-08-14T17:15:40Z,25355bfe,2000,7.2.0-rc5-alsa-prod+,alsa-test,False,7,False,1542.0,2144.2,3686.1,0.1,
x86_64-prod-20260814T171540Z-smoke,2026-08-14T17:15:40Z,25355bfe,2000,7.2.0-rc5-alsa-prod+,alsa-test,False,8,False,1339.2,2132.2,3471.3,0.1,
x86_64-prod-20260814T171540Z-smoke,2026-08-14T17:15:40Z,25355bfe,2000,7.2.0-rc5-alsa-prod+,alsa-test,False,9,False,1488.9,2140.2,3629.1,20.4,
x86_64-prod-20260814T171540Z-smoke,2026-08-14T17:15:40Z,25355bfe,2000,7.2.0-rc5-alsa-prod+,alsa-test,False,10,False,1357.2,2136.2,3493.4,0.1,
x86_64-prod-20260814T174716Z-smoke,2026-08-14T17:47:16Z,6efaa705,1000,7.2.0-rc5-alsa-prod+,alsa-test,True,1,False,1295.5,1128.2,2423.6,0.3,
x86_64-prod-20260814T174716Z-smoke,2026-08-14T17:47:16Z,6efaa705,1000,7.2.0-rc5-alsa-prod+,alsa-test,True,2,False,1386.0,1152.2,2538.2,0.1,
x86_64-prod-20260814T174716Z-smoke,2026-08-14T17:47:16Z,6efaa705,1000,7.2.0-rc5-alsa-prod+,alsa-test,True,3,False,1323.0,1136.2,2459.2,0.1,
x86_64-prod-20260814T174716Z-smoke,2026-08-14T17:47:16Z,6efaa705,1000,7.2.0-rc5-alsa-prod+,alsa-test,True,4,False,1353.8,1140.0,2493.7,0.1,
x86_64-prod-20260814T174716Z-smoke,2026-08-14T17:47:16Z,6efaa705,1000,7.2.0-rc5-alsa-prod+,alsa-test,True,5,False,1340.8,1132.1,2472.9,20.6,
x86_64-prod-20260814T174716Z-smoke,2026-08-14T17:47:16Z,6efaa705,1000,7.2.0-rc5-alsa-prod+,alsa-test,True,6,False,1430.7,1132.1,2562.8,0.1,
x86_64-prod-20260814T174716Z-smoke,2026-08-14T17:47:16Z,6efaa705,1000,7.2.0-rc5-alsa-prod+,alsa-test,True,7,False,1594.6,1144.2,2738.8,0.1,
x86_64-prod-20260814T174716Z-smoke,2026-08-14T17:47:16Z,6efaa705,1000,7.2.0-rc5-alsa-prod+,alsa-test,True,8,False,1352.6,1136.2,2488.8,20.7,
x86_64-prod-20260814T174716Z-smoke,2026-08-14T17:47:16Z,6efaa705,1000,7.2.0-rc5-alsa-prod+,alsa-test,True,9,False,1450.4,1132.2,2582.6,20.6,
x86_64-prod-20260814T174716Z-smoke,2026-08-14T17:47:16Z,6efaa705,1000,7.2.0-rc5-alsa-prod+,alsa-test,True,10,False,1351.2,1132.1,2483.3,20.6,
x86_64-prod-20260814T175226Z-smoke,2026-08-14T17:52:26Z,e6ee079e,500,7.2.0-rc5-alsa-prod+,alsa-test,True,1,False,1281.9,648.1,1930.0,0.4,
x86_64-prod-20260814T175226Z-smoke,2026-08-14T17:52:26Z,e6ee079e,500,7.2.0-rc5-alsa-prod+,alsa-test,True,2,False,1304.5,636.2,1940.6,0.1,
x86_64-prod-20260814T175226Z-smoke,2026-08-14T17:52:26Z,e6ee079e,500,7.2.0-rc5-alsa-prod+,alsa-test,True,3,False,1375.4,624.1,1999.5,0.1,
x86_64-prod-20260814T175226Z-smoke,2026-08-14T17:52:26Z,e6ee079e,500,7.2.0-rc5-alsa-prod+,alsa-test,True,4,False,1451.8,652.2,2104.0,0.1,
x86_64-prod-20260814T175226Z-smoke,2026-08-14T17:52:26Z,e6ee079e,500,7.2.0-rc5-alsa-prod+,alsa-test,True,5,False,1366.8,648.1,2015.0,0.1,
x86_64-prod-20260814T175226Z-smoke,2026-08-14T17:52:26Z,e6ee079e,500,7.2.0-rc5-alsa-prod+,alsa-test,True,6,False,1434.4,624.1,2058.5,0.1,
x86_64-prod-20260814T175226Z-smoke,2026-08-14T17:52:26Z,e6ee079e,500,7.2.0-rc5-alsa-prod+,alsa-test,True,7,False,1356.7,644.1,2000.9,0.1,
x86_64-prod-20260814T175226Z-smoke,2026-08-14T17:52:26Z,e6ee079e,500,7.2.0-rc5-alsa-prod+,alsa-test,True,8,False,1398.6,644.2,2042.8,20.4,
x86_64-prod-20260814T175226Z-smoke,2026-08-14T17:52:26Z,e6ee079e,500,7.2.0-rc5-alsa-prod+,alsa-test,True,9,False,1369.3,644.2,2013.5,0.1,
x86_64-prod-20260814T175226Z-smoke,2026-08-14T17:52:26Z,e6ee079e,500,7.2.0-rc5-alsa-prod+,alsa-test,True,10,False,1321.7,632.1,1953.9,20.6,
x86_64-prod-20260814T175636Z-smoke,2026-08-14T17:56:36Z,97a55434,250,7.2.0-rc5-alsa-prod+,alsa-test,True,1,False,1319.6,384.1,1703.7,20.7,
x86_64-prod-20260814T175636Z-smoke,2026-08-14T17:56:36Z,97a55434,250,7.2.0-rc5-alsa-prod+,alsa-test,True,2,False,1309.4,380.2,1689.6,0.1,
x86_64-prod-20260814T175636Z-smoke,2026-08-14T17:56:36Z,97a55434,250,7.2.0-rc5-alsa-prod+,alsa-test,True,3,False,1807.5,400.2,2207.7,0.1,
x86_64-prod-20260814T175636Z-smoke,2026-08-14T17:56:36Z,97a55434,250,7.2.0-rc5-alsa-prod+,alsa-test,True,4,False,1311.2,400.6,1711.7,0.1,
x86_64-prod-20260814T175636Z-smoke,2026-08-14T17:56:36Z,97a55434,250,7.2.0-rc5-alsa-prod+,alsa-test,True,5,False,1348.6,408.3,1756.9,20.4,
x86_64-prod-20260814T175636Z-smoke,2026-08-14T17:56:36Z,97a55434,250,7.2.0-rc5-alsa-prod+,alsa-test,True,6,False,1786.5,400.3,2186.8,20.4,
x86_64-prod-20260814T175636Z-smoke,2026-08-14T17:56:36Z,97a55434,250,7.2.0-rc5-alsa-prod+,alsa-test,True,7,False,1371.1,404.1,1775.3,20.4,
x86_64-prod-20260814T175636Z-smoke,2026-08-14T17:56:36Z,97a55434,250,7.2.0-rc5-alsa-prod+,alsa-test,True,8,False,1311.6,384.2,1695.8,20.4,
x86_64-prod-20260814T175636Z-smoke,2026-08-14T17:56:36Z,97a55434,250,7.2.0-rc5-alsa-prod+,alsa-test,True,9,False,1359.2,396.2,1755.4,0.1,
x86_64-prod-20260814T175636Z-smoke,2026-08-14T17:56:36Z,97a55434,250,7.2.0-rc5-alsa-prod+,alsa-test,True,10,False,1309.4,388.3,1697.7,0.1,
x86_64-prod-20260814T180117Z-smoke,2026-08-14T18:01:17Z,ecfdd2b4,0,7.2.0-rc5-alsa-prod+,alsa-test,True,1,True,1291.9,123.5,1415.4,20.6,
x86_64-prod-20260814T180117Z-smoke,2026-08-14T18:01:17Z,ecfdd2b4,0,7.2.0-rc5-alsa-prod+,alsa-test,True,2,True,1361.7,123.7,1485.4,0.1,
x86_64-prod-20260814T180117Z-smoke,2026-08-14T18:01:17Z,ecfdd2b4,0,7.2.0-rc5-alsa-prod+,alsa-test,True,3,True,1365.4,124.0,1489.4,0.1,
x86_64-prod-20260814T180117Z-smoke,2026-08-14T18:01:17Z,ecfdd2b4,0,7.2.0-rc5-alsa-prod+,alsa-test,True,4,True,1379.0,123.8,1502.9,20.5,
x86_64-prod-20260814T180117Z-smoke,2026-08-14T18:01:17Z,ecfdd2b4,0,7.2.0-rc5-alsa-prod+,alsa-test,True,5,True,1356.1,123.6,1479.8,0.1,
x86_64-prod-20260814T180117Z-smoke,2026-08-14T18:01:17Z,ecfdd2b4,0,7.2.0-rc5-alsa-prod+,alsa-test,True,6,True,1615.1,123.9,1739.0,0.1,
x86_64-prod-20260814T180117Z-smoke,2026-08-14T18:01:17Z,ecfdd2b4,0,7.2.0-rc5-alsa-prod+,alsa-test,True,7,True,1359.9,123.8,1483.6,20.5,
x86_64-prod-20260814T180117Z-smoke,2026-08-14T18:01:17Z,ecfdd2b4,0,7.2.0-rc5-alsa-prod+,alsa-test,True,8,True,1442.8,123.8,1566.7,0.1,
x86_64-prod-20260814T180117Z-smoke,2026-08-14T18:01:17Z,ecfdd2b4,0,7.2.0-rc5-alsa-prod+,alsa-test,True,9,True,1308.8,123.3,1432.1,20.4,
x86_64-prod-20260814T180117Z-smoke,2026-08-14T18:01:17Z,ecfdd2b4,0,7.2.0-rc5-alsa-prod+,alsa-test,True,10,True,1413.8,123.8,1537.6,20.6,
x86_64-prod-20260814T180903Z-smoke,2026-08-14T18:09:03Z,44486fb2,125,7.2.0-rc5-alsa-prod+,alsa-test,True,1,False,1413.7,252.2,1665.9,0.5,
x86_64-prod-20260814T180903Z-smoke,2026-08-14T18:09:03Z,44486fb2,125,7.2.0-rc5-alsa-prod+,alsa-test,True,2,False,1354.0,252.1,1606.1,20.4,
x86_64-prod-20260814T180903Z-smoke,2026-08-14T18:09:03Z,44486fb2,125,7.2.0-rc5-alsa-prod+,alsa-test,True,3,False,1515.5,252.1,1767.6,20.4,
x86_64-prod-20260814T180903Z-smoke,2026-08-14T18:09:03Z,44486fb2,125,7.2.0-rc5-alsa-prod+,alsa-test,True,4,False,1341.7,252.2,1593.9,20.4,
x86_64-prod-20260814T180903Z-smoke,2026-08-14T18:09:03Z,44486fb2,125,7.2.0-rc5-alsa-prod+,alsa-test,True,5,False,1385.2,256.2,1641.4,0.1,
x86_64-prod-20260814T180903Z-smoke,2026-08-14T18:09:03Z,44486fb2,125,7.2.0-rc5-alsa-prod+,alsa-test,True,6,False,1361.8,260.4,1622.2,20.6,
x86_64-prod-20260814T180903Z-smoke,2026-08-14T18:09:03Z,44486fb2,125,7.2.0-rc5-alsa-prod+,alsa-test,True,7,False,1369.2,252.3,1621.5,20.4,
x86_64-prod-20260814T180903Z-smoke,2026-08-14T18:09:03Z,44486fb2,125,7.2.0-rc5-alsa-prod+,alsa-test,True,8,False,1304.7,256.2,1560.9,20.4,
x86_64-prod-20260814T180903Z-smoke,2026-08-14T18:09:03Z,44486fb2,125,7.2.0-rc5-alsa-prod+,alsa-test,True,9,False,2035.2,256.2,2291.4,0.1,
x86_64-prod-20260814T180903Z-smoke,2026-08-14T18:09:03Z,44486fb2,125,7.2.0-rc5-alsa-prod+,alsa-test,True,10,False,1317.9,252.1,1570.0,20.4,
x86_64-prod-20260814T181328Z-smoke,2026-08-14T18:13:28Z,5d49d27b,60,7.2.0-rc5-alsa-prod+,alsa-test,True,1,False,1328.9,188.2,1517.2,0.3,
x86_64-prod-20260814T181328Z-smoke,2026-08-14T18:13:28Z,5d49d27b,60,7.2.0-rc5-alsa-prod+,alsa-test,True,2,False,1349.7,184.2,1533.9,0.1,
x86_64-prod-20260814T181328Z-smoke,2026-08-14T18:13:28Z,5d49d27b,60,7.2.0-rc5-alsa-prod+,alsa-test,True,3,False,1344.2,184.3,1528.6,0.1,
x86_64-prod-20260814T181328Z-smoke,2026-08-14T18:13:28Z,5d49d27b,60,7.2.0-rc5-alsa-prod+,alsa-test,True,4,False,1395.2,184.2,1579.5,0.1,
x86_64-prod-20260814T181328Z-smoke,2026-08-14T18:13:28Z,5d49d27b,60,7.2.0-rc5-alsa-prod+,alsa-test,True,5,False,1390.3,184.4,1574.7,0.1,
x86_64-prod-20260814T181328Z-smoke,2026-08-14T18:13:28Z,5d49d27b,60,7.2.0-rc5-alsa-prod+,alsa-test,True,6,False,2422.0,183.9,2605.9,21.2,
x86_64-prod-20260814T181328Z-smoke,2026-08-14T18:13:28Z,5d49d27b,60,7.2.0-rc5-alsa-prod+,alsa-test,True,7,False,1354.0,188.3,1542.3,0.1,
x86_64-prod-20260814T181328Z-smoke,2026-08-14T18:13:28Z,5d49d27b,60,7.2.0-rc5-alsa-prod+,alsa-test,True,8,False,1372.4,188.3,1560.7,0.1,
x86_64-prod-20260814T181328Z-smoke,2026-08-14T18:13:28Z,5d49d27b,60,7.2.0-rc5-alsa-prod+,alsa-test,True,9,False,1315.2,188.3,1503.5,0.1,
x86_64-prod-20260814T181328Z-smoke,2026-08-14T18:13:28Z,5d49d27b,60,7.2.0-rc5-alsa-prod+,alsa-test,True,10,False,1457.7,184.2,1641.9,0.1,
x86_64-prod-20260814T185114Z-smoke,2026-08-14T18:51:14Z,5341ff26,30,7.2.0-rc5-alsa-prod+,alsa-test,True,1,False,1382.2,160.2,1542.4,0.4,
x86_64-prod-20260814T185114Z-smoke,2026-08-14T18:51:14Z,5341ff26,30,7.2.0-rc5-alsa-prod+,alsa-test,True,2,False,1321.2,156.2,1477.4,0.1,
x86_64-prod-20260814T185114Z-smoke,2026-08-14T18:51:14Z,5341ff26,30,7.2.0-rc5-alsa-prod+,alsa-test,True,3,False,1445.7,164.2,1609.9,0.1,
x86_64-prod-20260814T185114Z-smoke,2026-08-14T18:51:14Z,5341ff26,30,7.2.0-rc5-alsa-prod+,alsa-test,True,4,False,1346.6,160.3,1506.9,0.1,
x86_64-prod-20260814T185114Z-smoke,2026-08-14T18:51:14Z,5341ff26,30,7.2.0-rc5-alsa-prod+,alsa-test,True,5,False,1358.4,156.2,1514.6,20.4,
x86_64-prod-20260814T185114Z-smoke,2026-08-14T18:51:14Z,5341ff26,30,7.2.0-rc5-alsa-prod+,alsa-test,True,6,False,1326.5,160.2,1486.6,0.1,
x86_64-prod-20260814T185114Z-smoke,2026-08-14T18:51:14Z,5341ff26,30,7.2.0-rc5-alsa-prod+,alsa-test,True,7,False,1314.7,160.2,1474.9,20.6,
x86_64-prod-20260814T185114Z-smoke,2026-08-14T18:51:14Z,5341ff26,30,7.2.0-rc5-alsa-prod+,alsa-test,True,8,False,1327.2,160.1,1487.2,0.1,
x86_64-prod-20260814T185114Z-smoke,2026-08-14T18:51:14Z,5341ff26,30,7.2.0-rc5-alsa-prod+,alsa-test,True,9,False,1447.0,160.2,1607.2,0.1,
x86_64-prod-20260814T185114Z-smoke,2026-08-14T18:51:14Z,5341ff26,30,7.2.0-rc5-alsa-prod+,alsa-test,True,10,False,1415.2,160.2,1575.4,0.1,
x86_64-prod-20260814T185434Z-smoke,2026-08-14T18:54:34Z,c3f050c8,15,7.2.0-rc5-alsa-prod+,alsa-test,True,1,True,1300.5,144.2,1444.7,0.4,
x86_64-prod-20260814T185434Z-smoke,2026-08-14T18:54:34Z,c3f050c8,15,7.2.0-rc5-alsa-prod+,alsa-test,True,2,True,1307.2,140.0,1447.2,0.1,
x86_64-prod-20260814T185434Z-smoke,2026-08-14T18:54:34Z,c3f050c8,15,7.2.0-rc5-alsa-prod+,alsa-test,True,3,True,1393.5,144.2,1537.6,0.1,
x86_64-prod-20260814T185434Z-smoke,2026-08-14T18:54:34Z,c3f050c8,15,7.2.0-rc5-alsa-prod+,alsa-test,True,4,True,1318.7,144.1,1462.8,20.7,
x86_64-prod-20260814T185434Z-smoke,2026-08-14T18:54:34Z,c3f050c8,15,7.2.0-rc5-alsa-prod+,alsa-test,True,5,True,1376.4,144.4,1520.7,0.1,
x86_64-prod-20260814T185434Z-smoke,2026-08-14T18:54:34Z,c3f050c8,15,7.2.0-rc5-alsa-prod+,alsa-test,True,6,True,1417.5,140.2,1557.7,0.1,
x86_64-prod-20260814T185434Z-smoke,2026-08-14T18:54:34Z,c3f050c8,15,7.2.0-rc5-alsa-prod+,alsa-test,True,7,True,1411.9,140.2,1552.1,20.5,
x86_64-prod-20260814T185434Z-smoke,2026-08-14T18:54:34Z,c3f050c8,15,7.2.0-rc5-alsa-prod+,alsa-test,True,8,True,1332.3,139.9,1472.2,20.4,
x86_64-prod-20260814T185434Z-smoke,2026-08-14T18:54:34Z,c3f050c8,15,7.2.0-rc5-alsa-prod+,alsa-test,True,9,True,1362.2,144.2,1506.5,20.4,
x86_64-prod-20260814T185434Z-smoke,2026-08-14T18:54:34Z,c3f050c8,15,7.2.0-rc5-alsa-prod+,alsa-test,True,10,True,1363.6,140.2,1503.8,0.1,
x86_64-prod-20260814T190033Z-soak,2026-08-14T19:00:33Z,97a55434,250,7.2.0-rc5-alsa-prod+,alsa-test,True,1,False,1358.3,392.1,1750.4,41.6,
x86_64-prod-20260814T190033Z-soak,2026-08-14T19:00:33Z,97a55434,250,7.2.0-rc5-alsa-prod+,alsa-test,True,2,False,1313.8,384.2,1698.1,0.1,
x86_64-prod-20260814T190033Z-soak,2026-08-14T19:00:33Z,97a55434,250,7.2.0-rc5-alsa-prod+,alsa-test,True,3,False,1365.7,388.2,1753.9,0.1,
x86_64-prod-20260814T190033Z-soak,2026-08-14T19:00:33Z,97a55434,250,7.2.0-rc5-alsa-prod+,alsa-test,True,4,False,1359.3,376.4,1735.7,0.1,
x86_64-prod-20260814T190033Z-soak,2026-08-14T19:00:33Z,97a55434,250,7.2.0-rc5-alsa-prod+,alsa-test,True,5,False,1357.0,408.2,1765.2,20.4,
x86_64-prod-20260814T190033Z-soak,2026-08-14T19:00:33Z,97a55434,250,7.2.0-rc5-alsa-prod+,alsa-test,True,6,False,1317.1,388.2,1705.4,0.1,
x86_64-prod-20260814T190033Z-soak,2026-08-14T19:00:33Z,97a55434,250,7.2.0-rc5-alsa-prod+,alsa-test,True,7,False,1366.0,404.2,1770.3,20.4,
x86_64-prod-20260814T190033Z-soak,2026-08-14T19:00:33Z,97a55434,250,7.2.0-rc5-alsa-prod+,alsa-test,True,8,False,1353.2,380.2,1733.4,0.1,
x86_64-prod-20260814T190033Z-soak,2026-08-14T19:00:33Z,97a55434,250,7.2.0-rc5-alsa-prod+,alsa-test,True,9,False,1366.1,388.2,1754.3,0.1,
x86_64-prod-20260814T190033Z-soak,2026-08-14T19:00:33Z,97a55434,250,7.2.0-rc5-alsa-prod+,alsa-test,True,10,False,1408.2,400.1,1808.3,20.3,
x86_64-prod-20260814T190033Z-soak,2026-08-14T19:00:33Z,97a55434,250,7.2.0-rc5-alsa-prod+,alsa-test,True,11,False,1370.1,384.5,1754.6,0.1,
x86_64-prod-20260814T190033Z-soak,2026-08-14T19:00:33Z,97a55434,250,7.2.0-rc5-alsa-prod+,alsa-test,True,12,False,1348.7,392.2,1740.9,20.3,
x86_64-prod-20260814T190033Z-soak,2026-08-14T19:00:33Z,97a55434,250,7.2.0-rc5-alsa-prod+,alsa-test,True,13,False,1367.9,396.2,1764.2,0.1,
x86_64-prod-20260814T190033Z-soak,2026-08-14T19:00:33Z,97a55434,250,7.2.0-rc5-alsa-prod+,alsa-test,True,14,False,1414.8,387.8,1802.7,0.1,
x86_64-prod-20260814T190033Z-soak,2026-08-14T19:00:33Z,97a55434,250,7.2.0-rc5-alsa-prod+,alsa-test,True,15,False,1406.3,404.2,1810.5,0.1,
x86_64-prod-20260814T190033Z-soak,2026-08-14T19:00:33Z,97a55434,250,7.2.0-rc5-alsa-prod+,alsa-test,True,16,False,1459.7,396.1,1855.8,0.1,
x86_64-prod-20260814T190033Z-soak,2026-08-14T19:00:33Z,97a55434,250,7.2.0-rc5-alsa-prod+,alsa-test,True,17,False,1381.9,388.3,1770.2,0.1,
x86_64-prod-20260814T190033Z-soak,2026-08-14T19:00:33Z,97a55434,250,7.2.0-rc5-alsa-prod+,alsa-test,True,18,False,1349.0,404.5,1753.5,20.3,
x86_64-prod-20260814T190033Z-soak,2026-08-14T19:00:33Z,97a55434,250,7.2.0-rc5-alsa-prod+,alsa-test,True,19,False,1350.0,400.2,1750.2,0.1,
x86_64-prod-20260814T190033Z-soak,2026-08-14T19:00:33Z,97a55434,250,7.2.0-rc5-alsa-prod+,alsa-test,True,20,False,1297.9,384.2,1682.1,20.4,
x86_64-prod-20260814T190033Z-soak,2026-08-14T19:00:33Z,97a55434,250,7.2.0-rc5-alsa-prod+,alsa-test,True,21,False,1449.3,392.1,1841.4,20.6,
x86_64-prod-20260814T190033Z-soak,2026-08-14T19:00:33Z,97a55434,250,7.2.0-rc5-alsa-prod+,alsa-test,True,22,False,1346.0,388.3,1734.2,0.2,
x86_64-prod-20260814T190033Z-soak,2026-08-14T19:00:33Z,97a55434,250,7.2.0-rc5-alsa-prod+,alsa-test,True,23,False,1364.8,400.1,1765.0,0.1,
x86_64-prod-20260814T190033Z-soak,2026-08-14T19:00:33Z,97a55434,250,7.2.0-rc5-alsa-prod+,alsa-test,True,24,False,1397.4,400.1,1797.5,40.8,
x86_64-prod-20260814T190033Z-soak,2026-08-14T19:00:33Z,97a55434,250,7.2.0-rc5-alsa-prod+,alsa-test,True,25,False,1367.3,392.5,1759.8,20.5,
x86_64-prod-20260814T190033Z-soak,2026-08-14T19:00:33Z,97a55434,250,7.2.0-rc5-alsa-prod+,alsa-test,True,26,False,1359.1,396.1,1755.3,41.0,
x86_64-prod-20260814T190033Z-soak,2026-08-14T19:00:33Z,97a55434,250,7.2.0-rc5-alsa-prod+,alsa-test,True,27,False,1356.6,404.2,1760.9,0.1,
x86_64-prod-20260814T190033Z-soak,2026-08-14T19:00:33Z,97a55434,250,7.2.0-rc5-alsa-prod+,alsa-test,True,28,False,1321.4,404.2,1725.6,40.8,
x86_64-prod-20260814T190033Z-soak,2026-08-14T19:00:33Z,97a55434,250,7.2.0-rc5-alsa-prod+,alsa-test,True,29,False,1343.4,376.1,1719.6,20.3,
x86_64-prod-20260814T190033Z-soak,2026-08-14T19:00:33Z,97a55434,250,7.2.0-rc5-alsa-prod+,alsa-test,True,30,False,1409.5,384.2,1793.7,20.3,
